,joblocation_address
 Delhi/NCR(National Capital Region),Delhi
 Delhi/NCR(National Capital Region) ,Delhi
(Bengaluru/Bangalore),Bangalore
Bangalore,Bangalore
"Bangalore , Bangalore / Bangalore",Bangalore
Bangalore Bangalore,Bangalore
"Bangalore,Bangalore / Bangalore",Bangalore
"Bangalore,karnataka",Bangalore
Bengaluru,Bangalore
Bengaluru/Bangalore ,Bangalore
"Bengaluru/Bangalore , bangalore",Bangalore
DELHI(NATIONAL CAPITAL REGION),Delhi
Delhi,Delhi
"Delhi , Delhi",Delhi
"Delhi , Delhi/Greater Delhi",Delhi
"Delhi , Delhi/NCR(National Capital Region)",Delhi
Delhi NCR,Delhi
Delhi(National Capital Region),Delhi
"Delhi(National Capital Region) , Delhi",Delhi
"Delhi,Delhi",Delhi
Delhi/NCR,Delhi
Delhi/NCR(National Capital Region),Delhi
Delhi/NCR(National Capital Region) ,Delhi
"Delhi/NCR(National Capital Region) , Delhi",Delhi
"Delhi/NCR(National Capital Region) , Gurgaon , Noida",Delhi
"Delhi/NCR(National Capital Region) , Noida",Delhi
"Delhi/NCR(National Capital Region),Gurgaon",Delhi
Ghaziabad,Delhi
Gurgaon,Delhi
"Gurgaon , Delhi/NCR(National Capital Region)",Delhi
"Gurgaon , Gurgaon",Delhi
Hyderabad / Secunderabad,Hyderabad
"Hyderabad / Secunderabad , Hyderabad/Secunderabad",Hyderabad
"Mumbai , Mumbai",Mumbai
"Mumbai, maharashtra",Mumbai
"NCR,NCR",Delhi
Noida,Delhi
"Noida , Noida/Greater Noida",Delhi
Noida/Greater Noida,Delhi
